id,category,question_en,question_ur,question_ur_variants,answer,keywords
1,General / Company,What is SafeX Solutions?,SafeX Solutions kya hai?,SafeX Solutions kis cheez ki company hai?; Safex Solutions dar asal hai kya?,"SafeX Solutions is a global, full-service technology and digital solutions company delivering IT services, cybersecurity, digital marketing, and creative media solutions to businesses in more than 15 countries worldwide.",
2,General / Company,What services does SafeX Solutions offer?,SafeX Solutions kon kon si services deti hai?,Aap log kya kaam karte hain?; SafeX walay kaunsi services provide karte hain?; Company ki services list kya hai?,"SafeX Solutions offers Web Development, UI/UX Design, Cloud Solutions, Cybersecurity, AI Automation, Digital Marketing, Creative Media Services (photography & videography), Data Insights, and Skill Development / Training programs.",
3,General / Company,Where is SafeX Solutions located?,SafeX Solutions kahan located hai?,Aap ka office kahan hai?; SafeX ka address kya hai?,"SafeX Solutions' office address is E-9, Islamabad, Pakistan, and the team also serves clients internationally across more than 15 countries.",
4,General / Company,What are SafeX Solutions' working hours?,SafeX Solutions ke working hours kya hain?,Aap ka office kis waqt khulta hai?,"SafeX Solutions is open Monday to Friday, 9:00 AM to 6:00 PM.",
5,General / Company,How many years of experience does SafeX Solutions have?,SafeX Solutions ka kitne saal ka experience hai?,Aap kitne arsay se kaam kar rahe hain?,"According to their website, SafeX Solutions has 150+ completed projects and 15+ years of combined team experience, serving businesses across 15+ countries.",
6,General / Company,Which industries does SafeX Solutions work with?,SafeX Solutions kin industries ke saath kaam karti hai?,Kin business types ke liye kaam karte hain aap?,SafeX Solutions works with businesses across a wide range of industries in Pakistan and internationally. Share your industry with the team at contact@safexsolutions.com and they can tell you about relevant past experience.,
7,General / Company,Why should I choose SafeX Solutions over other agencies?,Main SafeX Solutions ko hi kyun choose karoon?,Dusri companies ke bajaye SafeX kyun behtar hai?,"SafeX Solutions combines 150+ completed projects and a global client base across 15+ countries with a mission-driven model — 50% of profits are reinvested into the SafeX Trust to support education and youth-led innovation, so your project also contributes to that impact.",
8,General / Company,Can I see SafeX Solutions' past work or portfolio?,Kya main SafeX Solutions ka pichla kaam dekh sakta hoon?,Portfolio ya sample projects dikha saktay hain?,"SafeX Solutions has completed 150+ projects for clients worldwide. For specific portfolio samples relevant to your industry, reach out to contact@safexsolutions.com.",
9,Contact,How can I contact SafeX Solutions?,Main SafeX Solutions se kaise contact kar sakta hoon?,Aap se rabta kaise kya jaye?; Contact kaise karain aap se?,"You can reach SafeX Solutions by email at contact@safexsolutions.com, by phone/WhatsApp at +92 327 5781580, or by filling out the contact form on their website at safexsolutions.com/contact.",
10,Contact,What is SafeX Solutions' phone number?,SafeX Solutions ka phone number kya hai?,Contact number batao; Whatsapp number kya hai aap ka?,You can call or WhatsApp SafeX Solutions at +92 327 5781580.,
11,Contact,What is SafeX Solutions' email address?,SafeX Solutions ka email address kya hai?,Email id batayein,You can email SafeX Solutions at contact@safexsolutions.com.,
12,Contact,Does SafeX Solutions have social media pages?,Kya SafeX Solutions ke social media pages hain?,Aap Instagram ya Facebook pe ho?,"Yes, SafeX Solutions is active on Facebook, Instagram, LinkedIn, TikTok, and Twitter/X. Links are available in the footer of their website.",
13,Contact,Does SafeX Solutions offer a free consultation?,Kya SafeX Solutions free consultation deti hai?,Pehli consultation free hoti hai kya?; Bila charge advice mil sakti hai kya?,"For an initial discussion about your project, reach out to the team directly at contact@safexsolutions.com or +92 327 5781580 — they can walk you through next steps and whether a free consultation applies to your project.",
14,Contact,How can I get a quote for my project?,Mujhe apne project ki quote kaise mile gi?,Quote kaise lein apne kaam ki?; Estimate kaise mangwayen?,"To get a quote, share your project details via email at contact@safexsolutions.com, by phone/WhatsApp at +92 327 5781580, or through the contact form on safexsolutions.com/contact — the team will get back to you with a tailored estimate.",
15,Web Development,Does SafeX Solutions offer web development services?,Kya SafeX Solutions web development ki service deti hai?,"Website banwani hai, kya aap banate hain?; Web development ka kaam karte hain aap?","Yes, SafeX Solutions builds responsive, fast-loading corporate websites, eCommerce stores, and custom web platforms tailored to your brand identity.",
16,Web Development,Can SafeX Solutions build an eCommerce website for my business?,Kya SafeX Solutions mere business ke liye eCommerce website bana sakti hai?,Online store ki website ban sakti hai kya?,"Yes, SafeX Solutions specializes in building custom eCommerce platforms along with corporate websites and web applications.",
17,Web Development,Does SafeX Solutions provide UI/UX design services?,Kya SafeX Solutions UI/UX design bhi karti hai?,App ya website ki design bhi karte hain aap?,"Yes, SafeX Solutions designs intuitive, user-friendly interfaces that work smoothly across web and mobile platforms.",
18,Web Development,Does SafeX Solutions develop mobile apps?,Kya SafeX Solutions mobile apps bhi banati hai?,"Mobile app banwani hai, kya aap log banate hain?","Yes, SafeX Solutions crafts smart, seamless mobile app experiences as part of its technology solutions.",
19,Web Development,Does SafeX Solutions provide website maintenance and support after launch?,Website launch hone ke baad maintenance bhi karte hain aap?,Site ban jane ke baad support milta hai kya?,"For ongoing maintenance and support after your website or app goes live, contact the SafeX Solutions team directly to discuss a support plan that fits your project.",
20,Cybersecurity,Does SafeX Solutions provide cybersecurity services?,Kya SafeX Solutions cybersecurity services deti hai?,Cyber security ka kaam karte hain aap?; Data security ki service milti hai kya?,"Yes, SafeX Solutions offers cybersecurity and data protection services, including network infrastructure security, to keep your business connected and protected.",
21,Cybersecurity,Can SafeX Solutions help secure my company's network?,Kya SafeX Solutions meri company ka network secure kar sakti hai?,"Office ka network secure karwana hai, madad kar saktay hain?","Yes, SafeX Solutions offers network infrastructure and IT management along with cybersecurity and data protection services to keep enterprise networks secure.",
22,Cybersecurity,Does SafeX Solutions sign NDAs for client projects?,Kya SafeX Solutions NDA sign karti hai clients ke saath?,Confidentiality agreement sign hota hai kya kaam se pehle?,"For confidentiality requirements including NDAs, please raise this directly with the team at contact@safexsolutions.com when discussing your project.",
23,Cloud Solutions,Does SafeX Solutions offer cloud solutions?,Kya SafeX Solutions cloud solutions bhi deti hai?,Cloud ka kaam bhi karte hain aap?,"Yes, SafeX Solutions builds scalable cloud infrastructures that keep your business data secure, accessible, and available around the clock.",
24,AI Automation,Does SafeX Solutions offer AI automation services?,Kya SafeX Solutions AI automation ki service deti hai?,AI se automation karwa saktay hain kya?,"Yes, SafeX Solutions provides AI Automation services to help businesses streamline processes and adopt AI-driven innovations. Contact the team for details specific to your use case.",
25,Data Insights,Does SafeX Solutions provide data analytics or data insights services?,Kya SafeX Solutions data analytics ka kaam karti hai?,Data insights ya reports ka kaam hota hai kya?,"Yes, SafeX Solutions' Data Insights service turns complex business data into clear, actionable reports that support smarter decision-making for your enterprise's growth.",
26,Digital Marketing,Does SafeX Solutions offer digital marketing services?,Kya SafeX Solutions digital marketing ki services deti hai?,Marketing ka kaam bhi karte hain aap?; Digital marketing services milti hain kya?,"Yes, SafeX Solutions offers SEO & performance marketing, social media management, branding & identity design, lead generation, marketing automation, and analytics/growth optimization.",
27,Digital Marketing,Does SafeX Solutions provide SEO services?,Kya SafeX Solutions SEO ki service deti hai?,Google pe rank karwane ka kaam karte hain aap?,"Yes, Search Engine Optimization (SEO) and performance marketing are part of SafeX Solutions' digital marketing services.",
28,Digital Marketing,Can SafeX Solutions manage my social media accounts?,Kya SafeX Solutions meri social media accounts manage kar sakti hai?,Instagram Facebook page manage kar saktay hain kya?,"Yes, SafeX Solutions provides social media management and content strategy as part of its digital marketing & brand growth services.",
29,Digital Marketing,Does SafeX Solutions help with branding and logo design?,Kya SafeX Solutions branding aur logo design mein madad karti hai?,"Logo aur branding banwani hai, kya aap karte hain?","Yes, SafeX Solutions offers branding, identity design, and creative direction services to help businesses build a strong brand presence.",logo design; logo banana; brand identity
30,Digital Marketing,Does SafeX Solutions offer content writing services?,Kya SafeX Solutions content writing ka kaam bhi karti hai?,Website ya social media content likhwana ho to aap karte hain kya?,"Content strategy is part of SafeX Solutions' digital marketing services. For dedicated content writing needs, reach out to the team to discuss your requirements.",
31,Creative Media,Does SafeX Solutions offer photography and videography services?,Kya SafeX Solutions photography aur videography ki service deti hai?,Photoshoot ya video shoot karwa saktay hain kya?,"Yes, SafeX Solutions provides photography, commercial shoots, videography, corporate films, event content, and post-production/creative editing services.",
32,Creative Media,Can SafeX Solutions produce a corporate video for my company?,Kya SafeX Solutions meri company ke liye corporate video bana sakti hai?,"Company ki video banwani hai, kya aap banate hain?","Yes, videography and corporate films are part of SafeX Solutions' Creative Media & Visual Production services.",
33,Training / Skill Development,Does SafeX Solutions offer training or skill development programs?,Kya SafeX Solutions training ya skill development programs bhi deti hai?,Courses ya training karwate hain kya aap log?,"Yes, SafeX Solutions runs a Skill Development Centre offering technical skills training, certification programs, digital marketing workshops, internships, mentorship, and leadership development.",
34,Training / Skill Development,What is the SafeX Skill Development Centre?,SafeX Skill Development Centre kya hai?,SDC kya cheez hai SafeX ki?,"The Skill Development Centre (sdc.safexsolutions.com) is SafeX Solutions' dedicated training arm offering technical skills training, certification programs, digital marketing workshops, internships, mentorship, and leadership development.",SDC; admission; training centre
35,Training / Skill Development,Does SafeX Solutions offer internships?,Kya SafeX Solutions internships bhi deti hai?,Internship mil sakti hai kya SafeX mein?,"Yes, SafeX Solutions offers internships, mentorship, and career pathway opportunities through its Skill Development Centre.",
36,Pricing,How much do SafeX Solutions' services cost?,SafeX Solutions ki services ki price kya hai?,Kitna kharcha ayega mere project mein?; Rate kya hain aap ke?,Pricing depends on your project's scope and requirements. SafeX Solutions offers subscription plans and custom quotes — please contact the team at contact@safexsolutions.com or +92 327 5781580 for a tailored price estimate.,pricing; cost; rates; quote; budget; charges
37,Pricing,Does SafeX Solutions offer subscription plans?,Kya SafeX Solutions subscription plans bhi deti hai?,Monthly package ya plan milta hai kya?,"Yes, SafeX Solutions offers subscription plans for its services — you can choose a plan that fits your business needs or contact the team for details.",
38,Pricing,What payment methods does SafeX Solutions accept?,SafeX Solutions payment kis tarah accept karti hai?,Payment kaise karni hoti hai aap ko?,"For accepted payment methods and billing details, please confirm directly with the team at contact@safexsolutions.com when finalizing your project.",
39,Pricing,How many revisions are included in a project?,Project mein kitni revisions include hoti hain?,Design mein changes kitni dafa free hote hain?,The number of included revisions depends on the scope agreed for your project. Discuss this with the SafeX Solutions team while finalizing your quote.,
40,Pricing,How long does a typical project take to complete?,Ek project complete hone mein kitna time lagta hai?,Website ya app kitne dinon mein ready ho jati hai?,Project timelines vary based on scope and complexity. The SafeX Solutions team will give you an estimated timeline once they understand your project requirements — reach out at contact@safexsolutions.com.,
41,Company / Mission,What is SafeX Solutions' mission?,SafeX Solutions ka mission kya hai?,SafeX ka maqsad kya hai?,"SafeX Solutions' mission is to empower skilled young professionals to lead and innovate through technology, and to reinvest 50% of profits into an independent Trust supporting education, job creation, and youth-led innovation.",
42,Company / Trust,What is the SafeX Trust?,SafeX Trust kya hai?,Trust ke baare mein bata do; SafeX Trust ka kaam kya hai?,"The SafeX Trust is an independent, student and youth-governed trust funded by 50% of SafeX Solutions' profits, supporting education access, technology advancement, and job creation initiatives. More details are available at trust.safexsolutions.com.",
43,Company / Careers,Is SafeX Solutions hiring?,Kya SafeX Solutions job hiring kar rahi hai?,Job mil sakti hai kya SafeX mein?; Aap log staff hire kar rahe hain?,"SafeX Solutions regularly offers internships, mentorship, and career opportunities through its Skill Development Centre — contact the team or check their website/social pages for current openings.",hiring; jobs; careers; vacancy; recruitment
44,Company / International,Does SafeX Solutions work with international clients?,Kya SafeX Solutions international clients ke saath bhi kaam karti hai?,Bahar ke mulk ke clients ke liye bhi kaam karte hain aap?; Pakistan ke ilawa aur mulkon mein bhi service dete hain?,"Yes, SafeX Solutions serves clients across more than 15 countries in addition to its home base in Pakistan.",mulk; bahar; foreign clients; abroad
45,General / Company,Does SafeX Solutions have a blog with tech insights?,Kya SafeX Solutions ka koi blog hai?,Tech se related articles kahan milte hain SafeX ke?,"Yes, SafeX Solutions publishes a blog with expert takes on web development, AI, cybersecurity, and digital innovation trends, available at safexsolutions.com/blog.",
